{
  "Author": "TL5",
  "Name": "MapRuns Plugin",
  "InternalName": "MapRuns",
  "AssemblyVersion": "0.0.1.0",
  "Description": "Simple plugin to track the loot/currency gained in a session of opening treasure maps.",
  "ApplicableVersion": "any",
  "Tags": [
    "maps",
    "loot",
    "track",
    "runs"
  ],
  "DalamudApiLevel": 9,
  "LoadRequiredState": 0,
  "LoadSync": false,
  "CanUnloadAsync": false,
  "LoadPriority": 0,
  "Punchline": "Simple plugin to track the loot/currency gained in a session of opening treasure maps.",
  "AcceptsFeedback": true
}